<config_values>
	<communication>
		<communication_def ID="2">
			<implementation>TCP</implementation>
			<ip_address>10.0.0.2</ip_address>
			<socket>300</socket>
			<tcp_read_timeout>0</tcp_read_timeout>
		</communication_def>
		<communication_def ID="comBogus">
			<implementation>ComBogus</implementation>
		</communication_def>
		<communication_def ID="TCP1">
			<implementation>TCP</implementation>
			<ip_address>10.0.0.1</ip_address>
			<socket>300</socket>
			<tcp_read_timeout>0</tcp_read_timeout>
		</communication_def>
	</communication>
	<grade>
		<grade_def ID="Gasoline92">
			<color>f7f725</color>
			<corporate_number></corporate_number>
			<name>Gasoline92</name>
			<number>2</number>
			<percentage_high>100</percentage_high>
			<percentage_low>0</percentage_low>
			<product_high>Gasoline92</product_high>
			<product_low></product_low>
			<vol_unit_desc>SSF_TRANS_GRADE_UNIT_LITRES_ABBR</vol_unit_desc>
		</grade_def>
		<grade_def ID="Gasoline95">
			<color>24f03c</color>
			<corporate_number></corporate_number>
			<name>Gasoline95</name>
			<number>1</number>
			<percentage_high>100</percentage_high>
			<percentage_low>0</percentage_low>
			<product_high>Gasoline95</product_high>
			<product_low></product_low>
			<vol_unit_desc>SSF_TRANS_GRADE_UNIT_LITRES_ABBR</vol_unit_desc>
		</grade_def>
	</grade>
	<loop_manager>
		<loop_manager_def ID="Bogus_loop">
			<communication>comBogus</communication>
		</loop_manager_def>
	</loop_manager>
	<product>
		<product_def ID="Gasoline92">
			<color>f7f725</color>
			<corp_number></corp_number>
			<expansion_factor>0.00</expansion_factor>
			<name>Gasoline92</name>
			<nominal_density>0.00</nominal_density>
			<number>2</number>
			<ref_temperature>SSF_TRANS_REF_TEMPERATURE_15C</ref_temperature>
			<type>SSF_TRANS_PROD_TYPE_HIGH_UNLD</type>
			<vol_unit>SSF_TRANS_GRADE_UNIT_LITRES_ABBR</vol_unit>
		</product_def>
		<product_def ID="Gasoline95">
			<color>24f03c</color>
			<corp_number></corp_number>
			<expansion_factor>0.00</expansion_factor>
			<name>Gasoline95</name>
			<nominal_density>0.00</nominal_density>
			<number>1</number>
			<ref_temperature>SSF_TRANS_REF_TEMPERATURE_15C</ref_temperature>
			<type>SSF_TRANS_PROD_TYPE_HIGH_UNLD</type>
			<vol_unit>SSF_TRANS_GRADE_UNIT_LITRES_ABBR</vol_unit>
		</product_def>
	</product>
	<pump>
		<pump_def ID="1">
			<auto_max_time>20</auto_max_time>
			<auto_max_vol>10.00</auto_max_vol>
			<auto_min_time>5</auto_min_time>
			<auto_min_vol>1.00</auto_min_vol>
			<check_blend>1-SSF_TRANS_YES</check_blend>
			<emulation_brand>0-Wayne</emulation_brand>
			<flow_rate>12</flow_rate>
			<hoses_qty>1</hoses_qty>
			<implementation>Bogus</implementation>
			<loop_manager>Bogus_loop</loop_manager>
			<max_mon_sale>0.00</max_mon_sale>
			<max_pump_error_counter>6</max_pump_error_counter>
			<max_vol_sale>40000.00</max_vol_sale>
			<min_mon_sale>-0.10</min_mon_sale>
			<min_vol_sale>-0.10</min_vol_sale>
			<money_decimal_point>3 - X.2</money_decimal_point>
			<opt_force_2_send>0-SSF_TRANS_PUMP_LIBRARY_FTS_DEF</opt_force_2_send>
			<ppu_decimal_point>4 - 1.3</ppu_decimal_point>
			<preset_treatment>0-SSF_TRANS_EQUAL</preset_treatment>
			<totalizer_update_time>0</totalizer_update_time>
			<volume_decimal_point>1-3.3</volume_decimal_point>
			<hose1>
				<comp_vol>0-SSF_TRANS_NO</comp_vol>
				<grade>Gasoline92</grade>
				<logical_id>1</logical_id>
				<post_mix>0-SSF_TRANS_NO</post_mix>
				<real_id>1</real_id>
				<suction_high></suction_high>
				<suction_low></suction_low>
			</hose1>
		</pump_def>
		<pump_def ID="2">
			<auto_max_time>20</auto_max_time>
			<auto_max_vol>10.00</auto_max_vol>
			<auto_min_time>5</auto_min_time>
			<auto_min_vol>1.00</auto_min_vol>
			<check_blend>1-SSF_TRANS_YES</check_blend>
			<emulation_brand>0-Wayne</emulation_brand>
			<flow_rate>12</flow_rate>
			<hoses_qty>1</hoses_qty>
			<implementation>Bogus</implementation>
			<loop_manager>Bogus_loop</loop_manager>
			<max_mon_sale>0.00</max_mon_sale>
			<max_pump_error_counter>6</max_pump_error_counter>
			<max_vol_sale>40000.00</max_vol_sale>
			<min_mon_sale>-0.10</min_mon_sale>
			<min_vol_sale>-0.10</min_vol_sale>
			<money_decimal_point>3 - X.2</money_decimal_point>
			<opt_force_2_send>0-SSF_TRANS_PUMP_LIBRARY_FTS_DEF</opt_force_2_send>
			<ppu_decimal_point>4 - 1.3</ppu_decimal_point>
			<preset_treatment>0-SSF_TRANS_EQUAL</preset_treatment>
			<totalizer_update_time>0</totalizer_update_time>
			<volume_decimal_point>1-3.3</volume_decimal_point>
			<hose1>
				<comp_vol>0-SSF_TRANS_NO</comp_vol>
				<grade>Gasoline95</grade>
				<logical_id>1</logical_id>
				<post_mix>0-SSF_TRANS_NO</post_mix>
				<real_id>1</real_id>
				<suction_high></suction_high>
				<suction_low></suction_low>
			</hose1>
		</pump_def>
		<pump_def ID="3">
			<auto_max_time>20</auto_max_time>
			<auto_max_vol>10.00</auto_max_vol>
			<auto_min_time>5</auto_min_time>
			<auto_min_vol>1.00</auto_min_vol>
			<check_blend>1-SSF_TRANS_YES</check_blend>
			<emulation_brand>0-Wayne</emulation_brand>
			<flow_rate>12</flow_rate>
			<hoses_qty>1</hoses_qty>
			<implementation>Bogus</implementation>
			<loop_manager>Bogus_loop</loop_manager>
			<max_mon_sale>0.00</max_mon_sale>
			<max_pump_error_counter>6</max_pump_error_counter>
			<max_vol_sale>40000.00</max_vol_sale>
			<min_mon_sale>-0.10</min_mon_sale>
			<min_vol_sale>-0.10</min_vol_sale>
			<money_decimal_point>3 - X.2</money_decimal_point>
			<opt_force_2_send>0-SSF_TRANS_PUMP_LIBRARY_FTS_DEF</opt_force_2_send>
			<ppu_decimal_point>4 - 1.3</ppu_decimal_point>
			<preset_treatment>0-SSF_TRANS_EQUAL</preset_treatment>
			<totalizer_update_time>0</totalizer_update_time>
			<volume_decimal_point>1-3.3</volume_decimal_point>
			<hose1>
				<comp_vol>0-SSF_TRANS_NO</comp_vol>
				<grade>Gasoline92</grade>
				<logical_id>1</logical_id>
				<post_mix>0-SSF_TRANS_NO</post_mix>
				<real_id>1</real_id>
				<suction_high></suction_high>
				<suction_low></suction_low>
			</hose1>
		</pump_def>
		<pump_def ID="4">
			<auto_max_time>20</auto_max_time>
			<auto_max_vol>10.00</auto_max_vol>
			<auto_min_time>5</auto_min_time>
			<auto_min_vol>1.00</auto_min_vol>
			<check_blend>1-SSF_TRANS_YES</check_blend>
			<emulation_brand>0-Wayne</emulation_brand>
			<flow_rate>12</flow_rate>
			<hoses_qty>1</hoses_qty>
			<implementation>Bogus</implementation>
			<loop_manager>Bogus_loop</loop_manager>
			<max_mon_sale>0.00</max_mon_sale>
			<max_pump_error_counter>6</max_pump_error_counter>
			<max_vol_sale>40000.00</max_vol_sale>
			<min_mon_sale>-0.10</min_mon_sale>
			<min_vol_sale>-0.10</min_vol_sale>
			<money_decimal_point>3 - X.2</money_decimal_point>
			<opt_force_2_send>0-SSF_TRANS_PUMP_LIBRARY_FTS_DEF</opt_force_2_send>
			<ppu_decimal_point>4 - 1.3</ppu_decimal_point>
			<preset_treatment>0-SSF_TRANS_EQUAL</preset_treatment>
			<totalizer_update_time>0</totalizer_update_time>
			<volume_decimal_point>1-3.3</volume_decimal_point>
			<hose1>
				<comp_vol>0-SSF_TRANS_NO</comp_vol>
				<grade>Gasoline95</grade>
				<logical_id>1</logical_id>
				<post_mix>0-SSF_TRANS_NO</post_mix>
				<real_id>1</real_id>
				<suction_high></suction_high>
				<suction_low></suction_low>
			</hose1>
			<hose2>
				<comp_vol>0-SSF_TRANS_NO</comp_vol>
				<grade>Gasoline95</grade>
				<logical_id>1</logical_id>
				<post_mix>0-SSF_TRANS_NO</post_mix>
				<real_id>2</real_id>
				<suction_high></suction_high>
				<suction_low></suction_low>
			</hose2>
			<hose3>
				<comp_vol>0-SSF_TRANS_NO</comp_vol>
				<grade>Gasoline95</grade>
				<logical_id>1</logical_id>
				<post_mix>0-SSF_TRANS_NO</post_mix>
				<real_id>2</real_id>
				<suction_high></suction_high>
				<suction_low></suction_low>
			</hose3>
		</pump_def>
	</pump>
	<tank>
		<tank_def ID="1">
			<alarm_aef_ethanol_limit>0.00</alarm_aef_ethanol_limit>
			<alarm_aef_limit_temperature>15.00</alarm_aef_limit_temperature>
			<alarm_aef_water_limit>0.00</alarm_aef_water_limit>
			<alarm_overflow_limit>95</alarm_overflow_limit>
			<alarm_prod_high_limit>90</alarm_prod_high_limit>
			<alarm_prod_low_limit>30</alarm_prod_low_limit>
			<alarm_prod_suction_limit>15</alarm_prod_suction_limit>
			<alarm_temp_high_limit>0</alarm_temp_high_limit>
			<alarm_temp_low_limit>0</alarm_temp_low_limit>
			<alarm_threshold_unit>0-SSF_TRANS_TANK_ALARM_THRESHOLD_TYPE_PERCENTAGE</alarm_threshold_unit>
			<alarm_water_high_high_limit>4.00</alarm_water_high_high_limit>
			<alarm_water_high_limit>2.00</alarm_water_high_limit>
			<bottom_float_type>0-SSF_TRANS_TANK_FLOAT_TYPE_WATER</bottom_float_type>
			<capacity>5000</capacity>
			<height></height>
			<manual_unit>MM</manual_unit>
			<product>Gasoline95</product>
			<table_unit>MM</table_unit>
			<tank_tag></tank_tag>
			<temperature_unit>C</temperature_unit>
		</tank_def>
		<tank_def ID="2">
			<alarm_aef_ethanol_limit>0.00</alarm_aef_ethanol_limit>
			<alarm_aef_limit_temperature>15.00</alarm_aef_limit_temperature>
			<alarm_aef_water_limit>0.00</alarm_aef_water_limit>
			<alarm_overflow_limit>95</alarm_overflow_limit>
			<alarm_prod_high_limit>90</alarm_prod_high_limit>
			<alarm_prod_low_limit>30</alarm_prod_low_limit>
			<alarm_prod_suction_limit>15</alarm_prod_suction_limit>
			<alarm_temp_high_limit>0</alarm_temp_high_limit>
			<alarm_temp_low_limit>0</alarm_temp_low_limit>
			<alarm_threshold_unit>0-SSF_TRANS_TANK_ALARM_THRESHOLD_TYPE_PERCENTAGE</alarm_threshold_unit>
			<alarm_water_high_high_limit>4.00</alarm_water_high_high_limit>
			<alarm_water_high_limit>2.00</alarm_water_high_limit>
			<bottom_float_type>0-SSF_TRANS_TANK_FLOAT_TYPE_WATER</bottom_float_type>
			<capacity>5000</capacity>
			<height></height>
			<manual_unit>MM</manual_unit>
			<product>Gasoline92</product>
			<table_unit>MM</table_unit>
			<tank_tag></tank_tag>
			<temperature_unit>C</temperature_unit>
		</tank_def>
	</tank>
	<TankMonitor>
		<TankMonitor_def ID="1">
			<comm_channel>TCP1</comm_channel>
			<delivery_source>1-Fusion</delivery_source>
			<delivery_timeout>5</delivery_timeout>
			<implementation>StartItaliana</implementation>
			<reading_number></reading_number>
			<send_trans>0-SSF_TRANS_NO</send_trans>
			<sensors_qty>0</sensors_qty>
			<sensors_time>60</sensors_time>
			<skip_version>0-SSF_TRANS_NO</skip_version>
			<stop_probe_error>0-SSF_TRANS_NO</stop_probe_error>
			<stop_suction>0-SSF_TRANS_NO</stop_suction>
			<stop_water>0-SSF_TRANS_TANK_MON_STOP_WATER_NONE</stop_water>
			<tank_no_polling>0-SSF_TRANS_NO</tank_no_polling>
			<tanks_qty>1</tanks_qty>
			<tanks_time>10</tanks_time>
			<vol_delivery>200</vol_delivery>
			<TankInfo1>
				<coefficient_A></coefficient_A>
				<coefficient_B></coefficient_B>
				<densmeter_float>0-SSF_TRANS_NO</densmeter_float>
				<logical_id>1</logical_id>
				<min_height>0.0</min_height>
				<probe_offset>0.0</probe_offset>
				<tank>1</tank>
				<tolerance></tolerance>
				<water_offset>0.00</water_offset>
			</TankInfo1>
		</TankMonitor_def>
		<TankMonitor_def ID="2">
			<comm_channel>2</comm_channel>
			<delivery_source>1-Fusion</delivery_source>
			<delivery_timeout>5</delivery_timeout>
			<implementation>StartItaliana</implementation>
			<reading_number></reading_number>
			<send_trans>0-SSF_TRANS_NO</send_trans>
			<SensorInfo></SensorInfo>
			<sensors_qty>0</sensors_qty>
			<sensors_time>60</sensors_time>
			<skip_version>0-SSF_TRANS_NO</skip_version>
			<stop_probe_error>0-SSF_TRANS_NO</stop_probe_error>
			<stop_suction>0-SSF_TRANS_NO</stop_suction>
			<stop_water>0-SSF_TRANS_TANK_MON_STOP_WATER_NONE</stop_water>
			<tank_no_polling>0-SSF_TRANS_NO</tank_no_polling>
			<tanks_qty>1</tanks_qty>
			<tanks_time>10</tanks_time>
			<vol_delivery>200</vol_delivery>
			<TankInfo1>
				<coefficient_A></coefficient_A>
				<coefficient_B></coefficient_B>
				<densmeter_float>0-SSF_TRANS_NO</densmeter_float>
				<logical_id>1</logical_id>
				<min_height>0.00</min_height>
				<probe_offset>0.00</probe_offset>
				<tank>2</tank>
				<tolerance></tolerance>
				<water_offset>0.00</water_offset>
			</TankInfo1>
		</TankMonitor_def>
	</TankMonitor>
	<tank_suction>
		<tank_suction_def ID="1-Gasoline95">
			<logical_id>1</logical_id>
			<suction_type>1-SSF_TRANS_TANK_CONNECTION_TYPE_SINGLE</suction_type>
			<tank1>1</tank1>
			<tank2></tank2>
			<tank3></tank3>
			<tank4></tank4>
			<tank5></tank5>
			<tank6></tank6>
		</tank_suction_def>
		<tank_suction_def ID="2-Gasoline92">
			<logical_id>2</logical_id>
			<suction_type>1-SSF_TRANS_TANK_CONNECTION_TYPE_SINGLE</suction_type>
			<tank1>2</tank1>
			<tank2></tank2>
			<tank3></tank3>
			<tank4></tank4>
			<tank5></tank5>
			<tank6></tank6>
		</tank_suction_def>
	</tank_suction>
</config_values>
